{"luminance_list":[0.1,0.10798010298258112,0.11659702640128823,0.1259015891827383,0.135948665656227,0.14679750917903883,0.1585121015873901,0.17116153053391736,0.18482039693708602,0.19956925494548067,0.21549508701169987,0.23269181687763629,0.25126086349651078,0.27131173915845486,0.29296269534713137,0.31634142013637784,0.34158579123982036,0.3688446891546226,0.39827887519494254,0.43006193959336469,0.464381325261801,0.50143943324956775,0.54145481641815429,0.58466346837246841,0.63132021525012194,0.68170021857693441,0.73610059805185435,0.79484218383178784,0.858271408650561,0.9267623509309254,1.0007189409390032,1.0805773429921306,1.1668085277693414,1.2599210498948734,1.3604640471757015,1.4690304791813127,1.5862606242654864,1.7128458556540063,1.8495327188680686,1.9971273345302731,2.1565001525190661,2.3285910855096064,2.5144150521764765,2.7150679627496803,2.9317331822241717,3.1656885093401614,3.4183137124932435,3.6910986670178962,3.9856521418346031,4.3037112872804544,4.6471518800784022,5.0179993858656129,5.4184409045229769,5.8508380687542108,6.3177409719848558,6.8219032077219657,7.3662981090701827,7.9541362841779089,8.5888845510301568,9.2742863832573637,10.0143839875408,10.813542142817667,11.676473941879326,12.608268587175546,13.61442140475258,14.700866253334402,15.874010519682,17.140772906618384,18.508624236576896,19.9856315113147,21.580505487636774,23.302652049711757,25.162227680951304,27.170199362602752,29.338409252311049,31.679644524096577,34.2077127816351,36.937523489595151,39.885175903279929,43.068054015145343,46.504929078147555,50.216070310559985,54.223364435148071,58.55044475769315,63.222830546116334,68.2680775321991,73.715940423496988,79.598548383870181,85.950594517542683,92.809540474183208,100.21583738168334,108.21316440959779,116.84868637019341,126.17333187632806,136.2420936966129,147.11435307922741,158.85422995710758,171.53096109987081,185.21930844265185,200.00000000000003],"sensitivity_list":[28.639007871429762,29.5359720236343,30.450365434585429,31.382047336297081,32.330849194469366,33.296573574320767,34.278992983086724,35.277848689081893,36.292849517463459,37.323670623132955,38.36995224158661,39.431298418985079,40.507275723276365,41.597411938889223,42.70119474833249,43.81807040500842,44.947442402692388,46.088670148465404,47.241067647427812,48.403902209286535,49.576393188911638,50.757710775206213,51.946974845136452,53.143253902520293,54.345564124165563,55.552868539156663,56.764076370481639,57.978042571708912,59.193567595001724,60.409397430297879,61.624223958868676,62.836685667560189,64.04536877264087,65.24880880413761,66.44549270261966,67.63386148034742,68.8123134972932,69.97920839951459,71.132871762479809,72.271600474997314,73.393668890230515,74.497335758783976,75.580851945026424,76.6424689117727,77.680447940409934,78.693070033897939,79.67864642930607,80.635529625333518,81.562124809359673,82.456901548867307,83.318405594478932,84.1452706272809,84.93622977242056,85.69012669489635,86.405926092554338,87.082723405874717,87.719753574202159,88.316398683388357,88.872194369812775,89.386834869618809,89.860176628715166,90.2922404174839,90.683211922978671,91.033440819498864,91.343438344704865,91.613873432007111,91.845567470163175,92.039487777479778,92.196739890643045,92.3185587771672,92.406299086148735,92.461424555024465,92.485496691025745,92.480162845721651,92.4471438001332,92.388220976967773,92.305223396015066,92.200014488924936,92.074478890517838,91.930509325321125,91.769993709858625,91.594802592870721,91.406777056527275,91.207717201189965,90.999371333763008,90.783425974603929,90.561496789936882,90.33512054549125,90.105748162658273,89.874738941030813,89.643355991194326,89.41276289970547,89.184021625114781,88.958091600551754,88.735829995727073,88.517993070117541,88.305238530399876,88.098128789566132,87.897135013070468,87.702641829076384]}