{"area_list":[0.0003141592653589792,0.00034478940589968492,0.00037840594732998871,0.00041530006004989286,0.0004557913032139497,0.00050023039259978086,0.00054900223834036658,0.00060252927883147666,0.00066127513969096671,0.00072574864946208461,0.00079650824684289023,0.00087416681761511006,0.00095939700316757749,0.0010529370265941545,0.0011555970868290133,0.0012682663762022136,0.0013919207821982821,0.001527631340126743,0.0016765735099176025,0.00184003735739293,0.0020194387281998452,0.0022163315111881987,0.0024324210974524065,0.0026695791516132823,0.0029298598232815761,0.0032155175391192321,0.003529026529604629,0.0038731022596333229,0.0042507249485759357,0.0046651653835126268,0.0051200132492260509,0.0056192082203336789,0.0061670740848646429,0.0067683561948431691,0.0074282625682576533,0.00815250899842105,0.00894736856143814,0.0098197259505897437,0.010777137108252361,0.011827894671856371,0.012981099800744265,0.01424674100605899,0.015635780666449044,0.017160249978948019,0.018833353167447685,0.020669581851368576,0.02268484056513469,0.024896584515642126,0.027323970770910772,0.029988024189442925,0.032911819527489519,0.036120681301549988,0.03964240313721925,0.043507488504276159,0.0477494149231464,0.052404923931168912,0.057514339320215373,0.063121916402085143,0.069276225326844312,0.076030571774230379,0.083443458661949091,0.091579092869959938,0.10050794136975504,0.11030734157555458,0.12106217120399208,0.13286558344429025,0.14581981380662312,0.16003706563719627,0.17564048196995402,0.19276521213263004,0.21155958234556846,0.23218638045248785,0.25482426591090662,0.27966931725489413,0.30693673043353237,0.33686268273527659,0.36970637844264492,0.40575229393571166,0.44531264169041895,0.48873007451368677,0.53638065343810026,0.58867710498267423,0.64607239599251087,0.70906365702092122,0.77819648823645327,0.85406968515053872,0.93734042509775994,1.0287299593915276,1.1290298604579228,1.2391088780573682,1.3599204639794469,1.4925110303861879,1.6380290133336097,1.7977348199754466,1.9730117456069332,2.1653779551069081,2.3764996325557113,2.6082054129245931,2.8625022208370496,3.1415926535897927],"sensitivity_list":[0.92323222941867822,0.96719234159634726,1.0132456048638718,1.0614916797849334,1.1120349713773805,1.1649848548804298,1.2204559122504544,1.2785681798929753,1.3394474081621861,1.4032253331840709,1.4700399615850166,1.5400358687348181,1.613364511141081,1.6901845536614375,1.7706622122305797,1.8549716128310472,1.9432951674699006,2.0358239679580663,2.1327581983251069,2.2343075667395631,2.3406917578439312,2.4521409064536215,2.568896093611087,2.6912098660295842,2.819346780005783,2.9535839709267369,3.0942117495442991,3.2415342262391595,3.3958699645470762,3.5575526652713587,3.7269318825584645,3.9043737733671788,4.0902618818162866,4.2849979599506733,4.4890028265210189,4.7027172654274834,4.9266029655325267,5.1611435036017284,5.4068453721839038,5.6642390542916958,5.9338801467910338,6.2163505344509744,6.5122596166434814,6.8222455887145728,7.1469767800721327,7.4871530510501119,7.8435072506116015,8.21680673694207,8.6078549629561447,9.0174931286935678,9.4466019025087924,9.8961032128596287,10.366962112368924,10.860188715663542,11.376840212281005,11.918022955667727,12.484894628966893,13.078666487897461,13.7006056805487,14.352037643343948,15.034348571748698,15.74898796349531,16.497471231151472,17.281382379750109,18.102376743902635,18.962183777305881,19.862609885799088,20.805541293093075,21.792946925944943,22.826881302843518,23.909487407157108,25.04299952212499,26.229746000988239,27.472151940893536,28.77274172389706,30.134141382370906,31.559080739295688,33.050395266227454,34.611027593071533,36.244028594096093,37.952557963788792,39.739884184127511,41.609383771527064,43.564539677091425,45.608938697811617,47.746267739012424,49.98030874971176,52.31493213272902,54.754088410550231,57.301797906416475,59.962138178266606,62.739228921599747,65.637214036792827,68.6602405378924,71.812433964649131,75.097869949132075,78.520541584541448,82.084322249108524,85.792923554899374,89.649848122991216]}