{"area_list":[0.0003141592653589792,0.00034478940589968492,0.00037840594732998871,0.00041530006004989286,0.0004557913032139497,0.00050023039259978086,0.00054900223834036658,0.00060252927883147666,0.00066127513969096671,0.00072574864946208461,0.00079650824684289023,0.00087416681761511006,0.00095939700316757749,0.0010529370265941545,0.0011555970868290133,0.0012682663762022136,0.0013919207821982821,0.001527631340126743,0.0016765735099176025,0.00184003735739293,0.0020194387281998452,0.0022163315111881987,0.0024324210974524065,0.0026695791516132823,0.0029298598232815761,0.0032155175391192321,0.003529026529604629,0.0038731022596333229,0.0042507249485759357,0.0046651653835126268,0.0051200132492260509,0.0056192082203336789,0.0061670740848646429,0.0067683561948431691,0.0074282625682576533,0.00815250899842105,0.00894736856143814,0.0098197259505897437,0.010777137108252361,0.011827894671856371,0.012981099800744265,0.01424674100605899,0.015635780666449044,0.017160249978948019,0.018833353167447685,0.020669581851368576,0.02268484056513469,0.024896584515642126,0.027323970770910772,0.029988024189442925,0.032911819527489519,0.036120681301549988,0.03964240313721925,0.043507488504276159,0.0477494149231464,0.052404923931168912,0.057514339320215373,0.063121916402085143,0.069276225326844312,0.076030571774230379,0.083443458661949091,0.091579092869959938,0.10050794136975504,0.11030734157555458,0.12106217120399208,0.13286558344429025,0.14581981380662312,0.16003706563719627,0.17564048196995402,0.19276521213263004,0.21155958234556846,0.23218638045248785,0.25482426591090662,0.27966931725489413,0.30693673043353237,0.33686268273527659,0.36970637844264492,0.40575229393571166,0.44531264169041895,0.48873007451368677,0.53638065343810026,0.58867710498267423,0.64607239599251087,0.70906365702092122,0.77819648823645327,0.85406968515053872,0.93734042509775994,1.0287299593915276,1.1290298604579228,1.2391088780573682,1.3599204639794469,1.4925110303861879,1.6380290133336097,1.7977348199754466,1.9730117456069332,2.1653779551069081,2.3764996325557113,2.6082054129245931,2.8625022208370496,3.1415926535897927],"sensitivity_list":[1.9187944401373345,2.0101574968970821,2.1058706070776956,2.2061408617183509,2.31118520665971,2.4212309108901158,2.5365160570580882,2.6572900551864014,2.7838141806694257,2.9163621376833611,3.0552206491889016,3.2006900747573326,3.3530850575045741,3.5127352014726259,3.6799857808548748,3.8551984825201058,4.0387521833501951,4.2310437639680476,4.4324889604953048,4.6435232560434185,4.8646028137068145,5.096205452892713,5.3388316708882755,5.5930057116320322,5.8592766837221557,6.1382197297589389,6.430437249181697,6.7365601768208307,7.0572493194429029,7.3931967526189748,7.7451272802932953,8.1137999594687109,8.5000096924556079,8.904588889150288,9.328409201814452,9.7723833348169471,10.23746693176882,10.724660542429703,11.235011671682942,11.769616912763961,12.329624166775378,12.916234950327093,13.530706792891747,14.174355725158042,14.848558859285397,15.55475706150299,16.294457716940773,17.069237585915154,17.880745750100864,18.730706646083814,19.620923182685587,20.553279937154951,21.529746423805566,22.552380426912666,23.623331387627861,24.744843832290687,25.919260826764294,27.149027438250311,28.436694182388141,29.784920429258381,31.19647773711722,32.674253077218395,34.22125190684968,35.840601040635171,37.535551262143059,39.309479608791065,41.16589125286221,43.108420890025613,45.140833534005964,47.267024601861579,49.491019158634224,51.81697017285699,54.249155615508641,56.791974214484277,59.449939654562371,62.227672989304246,65.129893006539561,68.161404263386714,71.327082480611821,74.63185696018553,78.080689665029055,81.678550577282408,85.430388932416832,89.3410999129576,93.415486379677276,97.658215222521278,102.07376793135266,106.66638502145761,111.44000400470787,116.39819067878595,121.5440636186926,126.88021190167831,132.40860628338146,138.13050427330361,144.04634983464723,150.15566875806525,156.45696112949634,162.94759272407666,169.62368760183932,176.48002464204981]}