{"area_list":[0.0003141592653589792,0.00034478940589968492,0.00037840594732998871,0.00041530006004989286,0.0004557913032139497,0.00050023039259978086,0.00054900223834036658,0.00060252927883147666,0.00066127513969096671,0.00072574864946208461,0.00079650824684289023,0.00087416681761511006,0.00095939700316757749,0.0010529370265941545,0.0011555970868290133,0.0012682663762022136,0.0013919207821982821,0.001527631340126743,0.0016765735099176025,0.00184003735739293,0.0020194387281998452,0.0022163315111881987,0.0024324210974524065,0.0026695791516132823,0.0029298598232815761,0.0032155175391192321,0.003529026529604629,0.0038731022596333229,0.0042507249485759357,0.0046651653835126268,0.0051200132492260509,0.0056192082203336789,0.0061670740848646429,0.0067683561948431691,0.0074282625682576533,0.00815250899842105,0.00894736856143814,0.0098197259505897437,0.010777137108252361,0.011827894671856371,0.012981099800744265,0.01424674100605899,0.015635780666449044,0.017160249978948019,0.018833353167447685,0.020669581851368576,0.02268484056513469,0.024896584515642126,0.027323970770910772,0.029988024189442925,0.032911819527489519,0.036120681301549988,0.03964240313721925,0.043507488504276159,0.0477494149231464,0.052404923931168912,0.057514339320215373,0.063121916402085143,0.069276225326844312,0.076030571774230379,0.083443458661949091,0.091579092869959938,0.10050794136975504,0.11030734157555458,0.12106217120399208,0.13286558344429025,0.14581981380662312,0.16003706563719627,0.17564048196995402,0.19276521213263004,0.21155958234556846,0.23218638045248785,0.25482426591090662,0.27966931725489413,0.30693673043353237,0.33686268273527659,0.36970637844264492,0.40575229393571166,0.44531264169041895,0.48873007451368677,0.53638065343810026,0.58867710498267423,0.64607239599251087,0.70906365702092122,0.77819648823645327,0.85406968515053872,0.93734042509775994,1.0287299593915276,1.1290298604579228,1.2391088780573682,1.3599204639794469,1.4925110303861879,1.6380290133336097,1.7977348199754466,1.9730117456069332,2.1653779551069081,2.3764996325557113,2.6082054129245931,2.8625022208370496,3.1415926535897927],"sensitivity_list":[2.627402863917534,2.7524996580438135,2.8835516868116531,3.0208423120483396,3.1646683579510322,3.3153407475993175,3.473185169101165,3.6385427726823178,3.8117709000766338,3.9932438476220127,4.1833536645136569,4.3825109877126147,4.5911459150525786,4.8097089181312072,5.0386717966130652,5.2785286756089507,5.5297970478297174,5.79301886224122,6.0687616609686339,6.3576197662124487,6.6602155189426808,6.9772005711306866,7.3092572332567185,7.657099878794,8.02147640731271,8.40316976776746,8.80299954342435,9.2218235997449209,9.6605397963682638,10.120087764113308,10.601450747653802,11.105657514190801,11.633784328052061,12.186956990674558,12.766352944862835,13.373203441549181,14.008795766495204,14.674475523451781,15.371648969214938,16.101785394756583,16.866419545146265,17.667154069284695,18.505661988509384,19.383689170872557,20.303056795291727,21.265663786790018,22.273489200629008,23.328594529238369,24.433125901406726,25.589316138156107,26.799486624011418,28.066048945928149,29.391506244884255,30.778454217003215,32.229581691983412,33.747670706495519,35.335595979016212,36.996323680243719,38.732909379760457,40.548495034969555,42.44630487256709,44.42963999600876,46.501871534732416,48.66643213254018,50.926805553858131,53.286514168039652,55.7491040540798,58.318127451866218,60.997122272434105,63.78958836989819,66.698960273371355,69.7285760801355,72.8816422238256,76.161193855994469,79.570050619041851,83.11076764629901,86.785581704448461,90.5963524978609,94.544499287155887,98.630933138191,102.85598531482536,107.21933255997905,111.71992027368891,116.35588489059127,121.12447707598109,126.02198768904707,131.04367878957862,136.18372227137237,141.43514896829291,146.78981127010258,152.23836237472892,157.77025526070943,163.37376425914505,169.03603171479915,174.74314163613141,180.48022144209349,186.2315719337094,191.98082448382314,197.71112320131732,203.40532855684134]}